{
    "1": {
        "state": "ON",
        "brightness": 190,
        "color_temp": 250,
        "color": {
            "x": 0.346519412300469,
            "y": 0.352739070727817
        }
    },
    "2": {
        "state": "ON",
        "brightness": 190,
        "color_temp": 354,
        "color": {
            "x": 0.450299176483844,
            "y": 0.408208066928357
        }
    },
    "3": {
        "state": "OFF",
        "brightness": 1
    },
    "4": {
        "state": "ON",
        "brightness": 190
    },
    "5": {
        "state": "ON",
        "brightness": 6,
        "color_temp": 454
    },
    "6": {
        "state": "ON",
        "brightness": 254,
        "color_temp": 370,
        "color": {
            "x": 0.4599,
            "y": 0.4106
        }
    },
    "0x00124b001efe6145": {
        "state": "ON",
        "brightness": 190,
        "color_temp": 202,
        "color": {
            "x": 0.346519412300469,
            "y": 0.352739070727817
        },
        "last_seen": 1584614323143,
        "linkquality": 75
    },
    "0x000d6ffffeba7b5e": {
        "state": "ON",
        "brightness": 190,
        "color_temp": 202,
        "color": {
            "x": 0.346519412300469,
            "y": 0.352739070727817
        },
        "update_available": false,
        "last_seen": 1587794754904,
        "linkquality": 72
    },
    "0xd0cf5efffe6f53b3": {
        "state": "ON",
        "brightness": 190,
        "color_temp": 202,
        "color": {
            "x": 0.346519412300469,
            "y": 0.352739070727817
        },
        "update_available": false,
        "last_seen": 1587794680816,
        "linkquality": 108
    },
    "0x00158d00027d72a0": {
        "battery": 100,
        "voltage": 3005,
        "linkquality": 54,
        "side": 4,
        "angle": -25.27,
        "last_seen": 1587800146159
    },
    "0xd0cf5efffe1f5be3": {
        "linkquality": 60,
        "last_seen": 1579820138130,
        "update_available": false
    },
    "0x90fd9ffffed967af": {
        "state": "ON",
        "update_available": false,
        "last_seen": 1587785775959,
        "linkquality": 63,
        "brightness": 254,
        "color_temp": 370,
        "color": {
            "x": 0.4599,
            "y": 0.4106
        }
    },
    "0xd0cf5efffe1572af": {
        "state": "ON",
        "brightness": 254,
        "color_temp": 370,
        "update_available": false,
        "last_seen": 1587785776191,
        "linkquality": 60,
        "color": {
            "x": 0.4599,
            "y": 0.4106
        }
    },
    "0xec1bbdfffeeb3deb": {
        "state": "ON",
        "color_temp": 370,
        "update_available": false,
        "brightness": 254,
        "last_seen": 1587785775151,
        "linkquality": 87,
        "color": {
            "x": 0.4599,
            "y": 0.4106
        }
    },
    "0x00124b000be5ac60": {
        "state": true,
        "led_state": false,
        "linkquality": 72,
        "last_seen": 1579007938415
    },
    "0x00158d0002b85baf": {
        "battery": 80,
        "voltage": 2965,
        "illuminance": 4,
        "linkquality": 72,
        "occupancy": false,
        "illuminance_lux": 4,
        "last_seen": 1585254442958
    },
    "0xd0cf5efffe05c545": {
        "state": "ON",
        "color_temp": 250,
        "brightness": 190,
        "color": {
            "x": 0.346519412300469,
            "y": 0.352739070727817
        },
        "update_available": false,
        "last_seen": 1587801504120,
        "linkquality": 54
    },
    "0x14b457fffe4422c9": {
        "state": "ON",
        "color_temp": 202,
        "brightness": 190,
        "color": {
            "x": 0.346519412300469,
            "y": 0.352739070727817
        },
        "update_available": false,
        "last_seen": 1587801446640,
        "linkquality": 87
    },
    "0x000b57fffe998cf0": {
        "state": "ON",
        "brightness": 190,
        "color_temp": 202,
        "color": {
            "x": 0.346519412300469,
            "y": 0.352739070727817
        },
        "update_available": false,
        "last_seen": 1587801421438,
        "linkquality": 63
    },
    "0x000b57fffe48bce7": {
        "state": "ON",
        "brightness": 190,
        "color_temp": 202,
        "color": {
            "x": 0.346519412300469,
            "y": 0.352739070727817
        },
        "update_available": false,
        "last_seen": 1587801422084,
        "linkquality": 75
    },
    "0x0017880102c4eb36": {
        "state": "ON",
        "brightness": 190,
        "color_temp": 202,
        "color": {
            "x": 0.346519412300469,
            "y": 0.352739070727817
        },
        "last_seen": 1587801047998,
        "linkquality": 54,
        "update_available": false
    },
    "0x90fd9ffffe877eef": {
        "state": "ON",
        "brightness": 190,
        "color_temp": 202,
        "color": {
            "x": 0.346519412300469,
            "y": 0.352739070727817
        },
        "update_available": false,
        "last_seen": 1587081988661,
        "linkquality": 84
    },
    "0x90fd9ffffe901c13": {
        "state": "ON",
        "brightness": 190,
        "color_temp": 250,
        "color": {
            "x": 0.346519412300469,
            "y": 0.352739070727817
        },
        "update_available": false,
        "last_seen": 1587801504148,
        "linkquality": 93
    },
    "0x000b57fffe8d2387": {
        "state": "ON",
        "brightness": 190,
        "color_temp": 202,
        "color": {
            "x": 0.346519412300469,
            "y": 0.352739070727817
        },
        "update_available": false,
        "last_seen": 1587801421737,
        "linkquality": 75
    },
    "0x000b57fffeb1e89b": {
        "state": "ON",
        "brightness": 190,
        "color_temp": 202,
        "color": {
            "x": 0.346519412300469,
            "y": 0.352739070727817
        },
        "update_available": false,
        "last_seen": 1587794603478,
        "linkquality": 72
    },
    "0xd0cf5efffef71dcb": {
        "state": "ON",
        "color_temp": 202,
        "brightness": 88,
        "update_available": false,
        "last_seen": 1587801561737,
        "linkquality": 69,
        "color": {
            "x": 0.4599,
            "y": 0.4106
        }
    },
    "0xd0cf5efffe2b0d81": {
        "state": "ON",
        "brightness": 88,
        "color_temp": 202,
        "update_available": false,
        "last_seen": 1587801559344,
        "linkquality": 87,
        "color": {
            "x": 0.4599,
            "y": 0.4106
        }
    },
    "0x0017880102c4e0ca": {
        "state": "ON",
        "brightness": 190,
        "color_temp": 354,
        "color": {
            "x": 0.450299176483844,
            "y": 0.408208066928357
        },
        "last_seen": 1587801054782,
        "linkquality": 72,
        "update_available": false
    },
    "0x000b57fffe9eaa7b": {
        "state": "ON",
        "brightness": 190,
        "color_temp": 354,
        "color": {
            "x": 0.450299176483844,
            "y": 0.408208066928357
        },
        "update_available": false,
        "last_seen": 1587801420654,
        "linkquality": 51
    },
    "0x0017880108166f57": {
        "state": "ON",
        "brightness": 190,
        "color_temp": 354,
        "color": {
            "x": 0.450299176483844,
            "y": 0.408208066928357
        },
        "last_seen": 1587801442257,
        "linkquality": 66,
        "update_available": false
    },
    "0xd0cf5efffe05cb38": {
        "state": "ON",
        "brightness": 190,
        "color_temp": 250,
        "color": {
            "x": 0.346519412300469,
            "y": 0.352739070727817
        },
        "update_available": false,
        "last_seen": 1587801504094,
        "linkquality": 90
    },
    "0x000b57fffedce5c1": {
        "state": "ON",
        "brightness": 190,
        "color_temp": 354,